t_s,pid,vmrss_kb,vmhwm_kb,rssanon_kb,vmdata_kb,heap_kb,threads,fds,pool_idle,pool_acq,accept_inflight
0,,,,,,,,,,,
15,22557,21328,21328,11856,31108,368,9,12,0,0,
30,22557,22144,22144,12672,32720,368,9,12,0,0,
45,22557,21832,22236,12360,32936,368,9,12,0,0,
60,22557,23356,23356,13884,34004,368,9,12,0,0,
75,22557,23112,23488,13640,34008,368,9,12,0,0,
90,22557,23128,23508,13656,34008,368,9,12,0,0,
105,22557,25932,25932,16460,35832,368,9,12,0,0,
120,22557,26520,26520,17048,35832,368,9,12,0,0,
135,22557,27048,27048,17576,35832,368,9,12,0,0,
150,22557,27132,27132,17660,35832,368,9,12,0,0,
166,22557,26852,26852,17380,35896,368,9,12,0,0,
181,22557,26912,26912,17440,35924,368,9,12,0,0,
196,22557,26540,26832,17068,35956,368,9,12,0,0,
211,22557,31008,31008,21536,39412,368,9,12,0,0,
226,22557,31644,31644,22172,39412,368,9,12,0,0,
241,22557,31756,31756,22284,39412,368,9,12,0,0,
256,22557,31868,31868,22396,39492,368,9,12,0,0,
271,22557,31968,31968,22496,39492,368,9,12,0,0,
286,22557,32108,32108,22636,39492,368,9,12,0,0,
301,22557,31884,31884,22412,39452,328,9,12,0,0,
316,22557,32116,32116,22644,39552,328,9,12,0,0,
331,22557,32160,32160,22688,39552,328,9,12,0,0,
347,22557,32268,32268,22796,39640,328,9,12,0,0,
362,22557,32276,32276,22804,39640,328,9,12,0,0,
377,22557,32280,32280,22808,39640,328,9,12,0,0,
392,22557,32300,32300,22828,39640,328,9,12,0,0,
407,22557,32340,32340,22868,39656,328,9,12,0,0,
422,22557,39312,39988,29840,46592,328,9,12,0,0,
437,22557,39316,39988,29844,46592,328,9,12,0,0,
452,22557,39316,39988,29844,46592,328,9,12,0,0,
467,22557,39404,39988,29932,46636,328,9,12,0,0,
482,22557,39420,39988,29948,46644,328,9,12,0,0,
497,22557,39472,39988,30000,46688,328,9,12,0,0,
513,22557,39480,39988,30008,46688,328,9,12,0,0,
528,22557,39480,39988,30008,46688,328,9,12,0,0,
543,22557,39480,39988,30008,46688,328,9,12,0,0,
558,22557,39480,39988,30008,46688,328,9,12,0,0,
573,22557,39480,39988,30008,46688,328,9,12,0,0,
588,22557,39480,39988,30008,46688,328,9,12,0,0,
603,22557,39392,39988,29920,46688,328,9,12,0,0,
618,22557,39520,39988,30048,46740,328,9,12,0,0,
633,22557,39592,39988,30120,46740,328,9,12,0,0,
648,22557,39596,39988,30124,46740,328,9,12,0,0,
663,22557,39616,39988,30144,46740,328,9,12,0,0,
679,22557,39648,39988,30176,46792,328,9,12,0,0,
694,22557,39648,39988,30176,46792,328,9,12,0,0,
709,22557,39648,39988,30176,46792,328,9,12,0,0,
724,22557,39648,39988,30176,46792,328,9,12,0,0,
739,22557,39648,39988,30176,46792,328,9,13,0,0,
754,22557,39648,39988,30176,46792,328,9,12,0,0,
769,22557,39648,39988,30176,46792,328,9,12,0,0,
784,22557,39648,39988,30176,46792,328,9,12,0,0,
799,22557,39676,39988,30204,46828,328,9,12,0,0,
814,22557,39700,39988,30228,46828,328,9,12,0,0,
829,22557,53536,55376,44064,60732,328,9,12,0,0,
844,22557,53536,55376,44064,60732,328,9,12,0,0,
860,22557,53540,55376,44068,60732,328,9,12,0,0,
875,22557,53560,55376,44088,60868,328,9,12,0,0,
890,22557,53560,55376,44088,60868,328,9,12,0,0,
905,22557,53444,55376,43972,60868,328,9,12,0,0,
920,22557,53488,55376,44016,60868,328,9,12,0,0,
935,22557,53496,55376,44024,60868,328,9,12,0,0,
950,22557,53496,55376,44024,60868,328,9,12,0,0,
965,22557,53512,55376,44040,60868,328,9,12,0,0,
980,22557,53540,55376,44068,60868,328,9,12,0,0,
995,22557,53556,55376,44084,60868,328,9,12,0,0,
1010,22557,53556,55376,44084,60868,328,9,12,0,0,
1026,22557,53556,55376,44084,60868,328,9,12,0,0,
1041,22557,54440,55376,44968,62092,328,9,12,0,0,
1056,22557,55656,55656,46184,63432,328,9,12,0,0,
1071,22557,55992,55992,46520,63644,328,9,12,0,0,
1086,22557,55992,55992,46520,63644,328,9,12,0,0,
1101,22557,56044,56044,46572,63644,328,9,12,0,0,
1116,22557,56044,56044,46572,63644,328,9,12,0,0,
1131,22557,56044,56044,46572,63644,328,9,12,0,0,
1146,22557,56044,56044,46572,63644,328,9,12,0,0,
1161,22557,56044,56044,46572,63644,328,9,12,0,0,
1177,22557,56044,56044,46572,63644,328,9,12,0,0,
1192,22557,56044,56044,46572,63644,328,9,12,0,0,
1207,22557,56008,56008,46536,63644,328,9,12,0,0,
1222,22557,56036,56036,46564,63644,328,9,12,0,0,
1237,22557,56036,56036,46564,63644,328,9,12,0,0,
1252,22557,56040,56040,46568,63644,328,9,12,0,0,
1267,22557,56040,56040,46568,63644,328,9,12,0,0,
1282,22557,56040,56040,46568,63644,328,9,12,0,0,
1297,22557,56040,56040,46568,63644,328,9,12,0,0,
1312,22557,56040,56040,46568,63644,328,9,12,0,0,
1327,22557,56040,56040,46568,63644,328,9,12,0,0,
1342,22557,56040,56040,46568,63644,328,9,12,0,0,
1358,22557,56040,56040,46568,63644,328,9,12,0,0,
1373,22557,56040,56040,46568,63644,328,9,12,0,0,
1388,22557,56040,56040,46568,63644,328,9,12,0,0,
1403,22557,56040,56040,46568,63644,328,9,12,0,0,
1418,22557,56040,56040,46568,63644,328,9,12,0,0,
1433,22557,56040,56040,46568,63644,328,9,12,0,0,
1448,22557,56040,56040,46568,63644,328,9,12,0,0,
1463,22557,56040,56040,46568,63644,328,9,12,0,0,
1478,22557,56044,56044,46572,63644,328,9,12,0,0,
1493,22557,56044,56044,46572,63644,328,9,12,0,0,
1508,22557,55972,55972,46500,63644,328,9,12,0,0,
1524,22557,56004,56004,46532,63644,328,9,13,0,0,
1539,22557,56016,56016,46544,63644,328,9,12,0,0,
1554,22557,56016,56016,46544,63644,328,9,12,0,0,
1569,22557,56016,56016,46544,63644,328,9,12,0,0,
1584,22557,56016,56016,46544,63644,328,9,12,0,0,
1599,22557,56044,56044,46572,63644,328,9,12,0,0,
1614,22557,56044,56044,46572,63644,328,9,12,0,0,
1629,22557,56044,56044,46572,63644,328,9,12,0,0,
1644,22557,56044,56044,46572,63644,328,9,12,0,0,
1659,22557,83692,87820,74220,91292,328,9,12,0,0,
1674,22557,83692,87820,74220,91292,328,9,12,0,0,
1690,22557,83692,87820,74220,91292,328,9,12,0,0,
1705,22557,83692,87820,74220,91292,328,9,12,0,0,
1720,22557,83692,87820,74220,91292,328,9,12,0,0,
1735,22557,83692,87820,74220,91292,328,9,12,0,0,
1750,22557,83692,87820,74220,91292,328,9,12,0,0,
1765,22557,83692,87820,74220,91292,328,9,12,0,0,
1780,22557,83692,87820,74220,91292,328,9,12,0,0,
1795,22557,83692,87820,74220,91292,328,9,12,0,0,
1810,,,,,,,,,,,
1825,,,,,,,,,,,
